MATERIAL LIST,,,,,,,,,,,,,,,,,,,,,,,,,,,,,,,
STYLE NO,MB6YSLM115Z,,,,,,QTY,"1,966 ",,,,FACTORY,,베트남,,,,,BUYER,,미도컴퍼니,,,D.S,,,,,,,
,,,,,,,,,,,,,,,,,,,,,,,,,,,,,,,
CLOOR/SIZE,,55,66,77,,,,TOTAL,,,,,,,,,,,,,,담 당,,과 장,이 사 ,사 장 ,, ,,,
DE,,260 ,270 ,84 ,,,국내,614 ,,,,,,,,,,,,,,,,,,,,,,,
BR,,260 ,280 ,85 ,,,,625 ,,,,,,,,,,,,,,,,,,,,,,,
DG,,300 ,320 ,107 ,,,,727 ,,,,,,,,,,,,,,,,,,,,,,,
,,,,,,,중국,0 ,,,,,,,,,,,,,,,작 성 일 자 :,,2026-06-22,,,,,,
,,,,,,,,0 ,,,,,,,,,,,,,,,UP DATE :,,,,,,,,
,,,,,,,,0 ,,,,,,,,,,,,,,,1st SHIP DATE :,,,,,,,,
EACH SIZE TOTAL,,820 ,870 ,276 ,0 ,0 ,,"1,966 ",,,,,,,,,,,,,,,본 사 납 기 (RDD):,,2026-10-16,,,,,,
라벨발주 1.02%,,836.4,887.4,281.52,0,0,,2005.32,,,,,,,,,,,,,,,,,,,,,,,
ITEMS,QTY,COLOR OF,,,사용 칼라,,,UNIT,PER,요척,,필요량,발주 일자 및 수량,,,1ST. SHIPMENT(EX-),,,B L N,2ST. SHIPMENT(EX-),,,FINAL,"공급처
(MILL)","단가
($/￦)","혼용률
중량
소재명",REMARK'S,,,,
,,OUT SHELL,,,COLOR USED,,,SPEC,1PACK,CON'S,,"CON'S
AMOUNT",DATE,"ORDER
QTY",,DATE,"RCVD
QTY",,,Date,"RCVD
Qty",,B L N,,,,,,,,
"겉감
OUT-SHELL",614 ,DE,,,,,,"55""",정요척,1.23 ,Y,755 ,,,Y,6/27,756 ,Y,0.8 ,,,,,르카이,,,중국선적(예),,,,
,625 ,BR,,,,,,,정요척,1.23 ,Y,769 ,,,Y,,769 ,Y,0.3 ,,,,,,,,,,,,
,727 ,DG,,,,,,,정요척,1.23 ,Y,894 ,,,Y,,895 ,Y,0.8 ,,,,,,,,,,,,
"(싸개패드)
다후다",614 ,DE,,,,,,"44""",정요척,,Y,0 ,,,Y,,,Y,0.0 ,,,,,신승이앤티,,,,,,,
,625 ,BR,,,,,,"44""",정요척,,Y,0 ,A,,Y,,,Y,0.0 ,,,,,,,,,,,,
"오비미까시배색
COMBINATION",614 ,DE,,,,,,"57""/58""",정요척,0.08 ,Y,49 ,,,Y,7/4,59 ,Y,9.9 ,,,,,성 보,,,인천선적,,,,
,625 ,BR,,,,,,,정요척,0.08 ,Y,50 ,,,Y,7/18,50 ,Y,0.0 ,,,,,,,,,,,,
,727 ,DG,,,,,,,정요척,0.08 ,Y,58 ,,,Y,,50 ,Y,-8.2 ,,,,,,,,,,,,
"다후다
LINING
오비해리, 주머니감",614 ,DE,,,,,,"44""",정요척,0.26 ,Y,160 ,,,Y,7/4,160 ,Y,0.4 ,,,,,성 보,,,인천선적,,,,
,625 ,BR,,,,,,,정요척,0.26 ,Y,163 ,,,Y,,163 ,Y,0.5 ,,,,,,,,,,,,
,727 ,DG,,,,,,,정요척,0.26 ,Y,189 ,,,Y,,190 ,Y,1.0 ,,,,,,,,,,,,
"스트레치
LINING
해리,주머니감",614 ,DE,,,,,,"44""",정요척,,Y,0 ,,,Y,,,Y,0.0 ,,,,,성 보,,,,,,,
,625 ,BR,,,,,,,정요척,,Y,0 ,,,Y,,,Y,0.0 ,,,,,,,,,,,,
,727 ,DG,,,,,,,정요척,,Y,0 ,,,Y,,,Y,0.0 ,,,,,,,,,,,,
"심 지
INTERLINING
(M-250)
몸판용",614 ,DE,,,,,,"58""",정요척,0.10 ,Y,61 ,,,Y,7/4,61 ,Y,-0.4 ,,,,,다경섬유,,,인천선적,,,,
,625 ,BR,,,,,,,정요척,0.10 ,Y,63 ,,,Y,,63 ,Y,0.5 ,,,,,,,,,,,,
,727 ,DG,,,,,,,정요척,0.10 ,Y,73 ,,,Y,,73 ,Y,0.3 ,,,,,,,,,,,,
"심 지
INTERLINING
(M-252)
오비용",614 ,DE,,,,,,"44""",정요척,0.20 ,Y,123 ,,,Y,7/4,123 ,R,0.2 ,,,,,다경섬유,,,,,,,
,625 ,BR,,,,,,,정요척,0.20 ,Y,125 ,,,Y,,125 ,R,0.0 ,,,,,,,,,,,,
,727 ,DG,,,,,,,정요척,0.20 ,Y,145 ,,,Y,,145 ,R,-0.4 ,,,,,,,,,,,,
"실크 암홀 테이프
EDEG TAPE",614 ,DE,,,,,,8MM,,,Y,0 ,,,Y,,,R,0.0 ,,,,,다 남,,,,,,,
,625 ,BR,,,,,,,,,Y,0 ,,,Y,,,R,0.0 ,,,,,,,,,,,,
,727 ,DG,,,,,,,,,Y,0 ,,,Y,,,R,0.0 ,,,,,,,,,,,,
"(면) 다데테이프
EDEG TAPE
오비, 주머니입구",614 ,DE,,,,,,10MM,,3.7 ,Y,45 ,,,Y,7/4,46 ,R,0.6 ,,,,,다 남,,,인천선적,,,,
,625 ,BR,,,,,,,,3.7 ,Y,46 ,,,Y,,46 ,R,-0.3 ,,,,,,,,,,,,
,727 ,DG,,,,,,,,3.7 ,Y,54 ,,,Y,,55 ,R,1.2 ,,,,,,,,,,,,
"비바테이프
EDEG TAPE",614 ,DE,,,,,,10MM,,,Y,0 ,,,Y,,,R,0.0 ,,,,,다 남,,,,,,,
,625 ,BR,,,,,,,,,Y,0 ,,,Y,,,R,0.0 ,,,,,,,,,,,,
,727 ,DG,,,,,,,,,Y,0 ,,,Y,,,R,0.0 ,,,,,,,,,,,,
"본봉사
코아사
45S/2H
THREAD",614 ,DE,,,DE,,,2500M,,130 ,M,32 ,,,C,7/4,32 ,C,0.1 ,,,,,다 남,,,인천선적,,,,
,625 ,BR,,,BR,,,,,130 ,M,33 ,,,C,,33 ,C,0.5 ,,,,,,,,,,,,
,727 ,DG,,,DG,,,,,130 ,M,38 ,,,C,,38 ,C,0.2 ,,,,,,,,,,,,
"오바사
60S/3H
THREAD",614 ,DE,,,DE,,,4000M,,220 ,M,34 ,,,C,,34 ,C,0.2 ,,,,,다 남,,,,,,,
,625 ,BR,,,BR,,,,,220 ,M,34 ,,,C,,34 ,C,-0.4 ,,,,,,,,,,,,
,727 ,DG,,,DG,,,,,220 ,M,40 ,,,C,,40 ,C,0.0 ,,,,,,,,,,,,
"스쿠이사
THREAD
",614 ,DE,,,DE,,,4000M,,10 ,M,2 ,,,C,,2 ,C,0.5 ,,,,,다 남,,,,,,,
,625 ,BR,,,BR,,,,,10 ,M,2 ,,,C,,2 ,C,0.4 ,,,,,,,,,,,,
,727 ,DG,,,BR,,,,,10 ,M,2 ,,,C,,2 ,C,0.2 ,,,,,,,,,,,,
"금속장식
METAL DECORATION
오비아래",614 ,DE,,,,,,,,1 ,EA,614 ,,,SET,,,SET,-614.0 ,,,,,한일,,,,,,,
,625 ,BR,,,,,,,,1 ,EA,625 ,,,SET,,,SET,-625.0 ,,,,,,,,,,,,
,727 ,DG,,,,,,,,1 ,EA,727 ,,,SET,,,SET,-727.0 ,,,,,,,,,,,,
"양면 지퍼
ZIPPER",614 ,DE,,,,,,"9""",,1 ,EA,614 ,,,EA,7/4,614 ,EA,0.0 ,,,,,다 남,,,인천선적,,,,
,625 ,BR,,,,,,,,1 ,EA,625 ,,,EA,,625 ,EA,0.0 ,,,,,,,,,,,,
,727 ,DG,,,,,,,,1 ,EA,727 ,,,EA,,,EA,-727.0 ,,,,,,,,,,,,
"이단마이깡
HOOK",614 ,DE,,,,,,,,1 ,SET,614 ,,,SET,7/4,614 ,SET,0.0 ,,,,,다 남,,,,,,,
,625 ,BR,,,,,,,,1 ,SET,625 ,,,SET,,625 ,SET,0.0 ,,,,,,,,,,,,
,727 ,DG,,,,,,,,1 ,SET,727 ,,,SET,,,SET,-727.0 ,,,,,,,,,,,,
"비죠단추
BUTTON",614 ,DE,,,,,,18MM,,2 ,EA,1228 ,,,EA,,,EA,-1228.0 ,,,,,보타니,,,,,,,
,625 ,BR,,,,,,,,2 ,EA,1250 ,,,EA,,,EA,-1250.0 ,,,,,,,,,,,,
,727 ,DG,,,,,,,,2 ,EA,1454 ,,,EA,,,EA,-1454.0 ,,,,,,,,,,,,
"속단추
BUTTON",614 ,DE,,,,,,18MM,,1 ,EA,614 ,,,EA,,,EA,-614.0 ,,,,,보타니,,,,,,,
,625 ,BR,,,,,,,,1 ,EA,625 ,,,EA,,,EA,-625.0 ,,,,,,,,,,,,
,727 ,DG,,,,,,,,1 ,EA,727 ,,,EA,,,EA,-727.0 ,,,,,,,,,,,,
"레터링테이프
LETTERING TAPE",614 ,DE,,,,,,45MM,,0.56 ,YD,344 ,,,EA,,,EA,-343.8 ,,,,,하나,,,,,,,
,625 ,BR,,,,,,,,0.56 ,YD,350 ,,,EA,,,EA,-350.0 ,,,,,,,,,,,,
,727 ,DG,,,,,,,,,YD,0 ,,,EA,,,EA,0.0 ,,,,,,,,,,,,
"속이밴드
E-BAND
(폴리 이중직)",614 ,DE,,,,,,45Ф,,0.40 ,YD,246 ,,,EA,,,EA,-245.6 ,,,,,하나,,,,,,,
,625 ,BR,,,,,,,,0.40 ,YD,250 ,,,EA,,,EA,-250.0 ,,,,,,,,,,,,
,727 ,DG,,,,,,,,0.40 ,YD,291 ,,,EA,,,EA,-290.8 ,,,,,,,,,,,,
"이밴드
E-BAND
뒤오비",614 ,DE,,,,,,40Ф,,0.48 ,EA,295 ,,,EA,,,EA,-294.7 ,,,,,하나,,,,,,,
,625 ,BR,,,,,,,,0.48 ,EA,300 ,,,EA,,,EA,-300.0 ,,,,,,,,,,,,
,727 ,DG,,,,,,,,0.48 ,EA,349 ,,,EA,,,EA,-349.0 ,,,,,,,,,,,,
"MAIN+SIZE
LABEL
메인라벨",820 ,FREE,,,,,,사각/중,,1 ,EA,820 ,,,EA,7/18,820,EA,0 ,,,,,본 사,,,인천선적,,,,
,870 ,,,,,,,,,1 ,EA,870 ,,,EA,,870,EA,0 ,,,,,,,,,,,,
,276 ,,,,,,,,,1 ,EA,276 ,,,EA,,276,EA,0 ,,,,,,,,,,,,
,0 ,,,,,,,,,1 ,EA,0 ,,,EA,,,EA,0 ,,,,,,,,,,,,
,0 ,,,,,,,,,1 ,EA,0 ,,,EA,,,EA,0 ,,,,,,,,,,,,
"
CARE LABEL
케어라벨
MDM-13",260 ,DE,,,,,,,,1 ,EA,260 ,,,EA,7/18,260,EA,0 ,,,,,본 사,,,인천선적,,,,
,270 ,,,,,,,,,1 ,EA,270 ,,,EA,,270,EA,0 ,,,,,,,,,,,,
,84 ,,,,,,,,,1 ,EA,84 ,,,EA,,84,EA,0 ,,,,,,,,,,,,
,260 ,BR,,,,,,,,1 ,EA,260 ,,,EA,,260,EA,0 ,,,,,,,,,,,,
,280 ,,,,,,,,,1 ,EA,280 ,,,EA,,280,EA,0 ,,,,,,,,,,,,
,85 ,,,,,,,,,1 ,EA,85 ,,,EA,,85,EA,0 ,,,,,,,,,,,,
,300 ,DG,,,,,,,,1 ,EA,300 ,,,EA,,300,EA,0 ,,,,,,,,,,,,
,320 ,,,,,,,,,1 ,EA,320 ,,,EA,,320,EA,0 ,,,,,,,,,,,,
,107 ,,,,,,,,,1 ,EA,107 ,,,EA,,107,EA,0 ,,,,,,,,,,,,
"PRICE TAG
가격택(내수용)",260 ,DE,,,,,,,,1 ,EA,260 ,,,EA,,,EA,-260 ,,,,,대화라벨,,,,,,,
,270 ,,,,,,,,,1 ,EA,270 ,,,EA,,,EA,-270 ,,,,,,,,,,,,
,84 ,,,,,,,,,1 ,EA,84 ,,,EA,,,EA,-84 ,,,,,,,,,,,,
,260 ,BR,,,,,,,,1 ,EA,260 ,,,EA,,,EA,-260 ,,,,,,,,,,,,
,280 ,,,,,,,,,1 ,EA,280 ,,,EA,,,EA,-280 ,,,,,,,,,,,,
,85 ,,,,,,,,,1 ,EA,85 ,,,EA,,,EA,-85 ,,,,,대화라벨,,,,,,,
,300 ,DG,,,,,,,,1 ,EA,300 ,,,EA,,,EA,-300 ,,,,,,,,,,,,
,320 ,,,,,,,,,1 ,EA,320 ,,,EA,,,EA,-320 ,,,,,,,,,,,,
,107 ,,,,,,,,,1 ,EA,107 ,,,EA,,,EA,-107 ,,,,,,,,,,,,
"SIZE STICKER
사이즈 
스티커",820 ,FREE,,,,,,,,1 ,EA,820 ,,,EA,7/4,820,EA,0 ,,,,,다 남,,,인천선적,,,,
,870 ,,,,,,,,,1 ,EA,870 ,,,EA,,870,EA,0 ,,,,,,,,,,,,
,276 ,,,,,,,,,1 ,EA,276 ,,,EA,,276,EA,0 ,,,,,,,,,,,,
,0 ,,,,,,,,,,EA,0 ,,,EA,,,EA,0 ,,,,,,,,,,,,
"TAG PIN
택고리","1,966 ",FREE,,,,,,,,1 ,EA,"1,966 ",,,EA,7/18,1966,EA,0 ,,,,,본 사,,,인천선적,,,,
품질보증택,"1,966 ",FREE,,,,,,,,1 ,EA,"1,966 ",,,EA,,1966,EA,0 ,,,,,,,,,,,,
"POLY BAG
폴리백(LOCAL)","1,966 ",FREE,,,,,,46*120,,1 ,EA,"1,966 ",,,EA,,1966,EA,0 ,,,,,,,,,,,,
,,,,,,,,,,,,,,,,,,,,,,,,,,,,,,,
,,,,,,,,,,,,,,,,,,,,,,,,,,,,,,,
,,,,,,,,,,,,,,,,,,,,,,,,,,,,,,,
,,,,,,,,,,,,,,,,,,,,,,,,,,,,,,,
,,,,,,,,,,,,,,,,,,,,,,,,,,,,,,,
,,,,,,,,,,,,,,,,,,,,,,,,,,,,,,,
,,,,,,,,,,,,,,,,,,,,,,,,,,,,,,,
,,,,,,,,,,,,,,,,,,,,,,,,,,,,,,,
,,,,,,,,,,,,,,,,,,,,,,,,,,,,,,,
,,,,,,,,,,,,,,,,,,,,,,,,,,,,,,,
,,,,,,,,,,,,,,,,,,,,,,,,,,,,,,,
,,,,,,,,,,,,,,,,,,,,,,,,,,,,,,,
